pub_id,pub_year,journal_id,fos_lv1,fos_lv2,auth_id,auth_in_place,number_of_auth_tot_article,number_of_auth_in_VABB,senior,Social health sciences,Psychology,Economics,Educational sciences,Sociology,Law,Criminology,Political sciences,Communication sciences,Social sciences general,History,Archaeology,Language,Philosophy,"Arts, achitecture and art history",Other disciplines,Humanities general
0,2008,7,5. Social sciences,5.7 Social and economic geography,6,8,9,5,0,1,0,1,0,0,0,0,0,0,1,0,0,0,0,0,1,0
0,2008,7,5. Social sciences,5.7 Social and economic geography,50,9,9,5,1,1,0,1,0,0,0,0,0,0,1,0,0,0,0,0,1,0
0,2008,7,5. Social sciences,5.7 Social and economic geography,268,2,9,5,1,1,0,1,0,0,0,0,0,0,1,0,0,0,0,0,1,0
0,2008,7,5. Social sciences,5.7 Social and economic geography,321,5,9,5,1,1,0,1,0,0,0,0,0,0,1,0,0,0,0,0,1,0
0,2008,7,5. Social sciences,5.7 Social and economic geography,333,1,9,5,1,1,0,1,0,0,0,0,0,0,1,0,0,0,0,0,1,0
1,2008,40,5. Social sciences,5.8 Media and communications,311,1,1,1,1,0,0,0,0,0,0,0,0,1,0,0,0,0,0,0,0,0
2,2008,27,5. Social sciences,5.7 Social and economic geography,120,8,9,1,1,0,0,1,0,0,0,0,0,0,0,0,0,0,0,0,0,0
3,2008,7,5. Social sciences,5.7 Social and economic geography,111,3,3,1,1,0,0,1,0,0,0,0,0,0,0,0,0,0,0,0,0,0
4,2007,18,3. Medical and Health sciences,3.2 Clinical medicine,92,2,2,2,1,0,1,0,0,0,0,0,0,0,0,0,0,0,0,0,0,0
4,2007,18,3. Medical and Health sciences,3.2 Clinical medicine,115,1,2,2,1,0,1,0,0,0,0,0,0,0,0,0,0,0,0,0,0,0
5,2008,35,3. Medical and Health sciences,3.1 Basic medicine,74,4,12,11,0,1,0,0,0,0,0,0,0,0,0,0,0,0,0,0,0,0
5,2008,35,3. Medical and Health sciences,3.1 Basic medicine,83,10,12,11,1,1,0,0,0,0,0,0,0,0,0,0,0,0,0,0,0,0
5,2008,35,3. Medical and Health sciences,3.1 Basic medicine,88,9,12,11,1,1,0,0,0,0,0,0,0,0,0,0,0,0,0,0,0,0
5,2008,35,3. Medical and Health sciences,3.1 Basic medicine,95,3,12,11,0,1,0,0,0,0,0,0,0,0,0,0,0,0,0,0,0,0
5,2008,35,3. Medical and Health sciences,3.1 Basic medicine,98,11,12,11,1,1,0,0,0,0,0,0,0,0,0,0,0,0,0,0,0,0
5,2008,35,3. Medical and Health sciences,3.1 Basic medicine,118,8,12,11,1,1,0,0,0,0,0,0,0,0,0,0,0,0,0,0,0,0
5,2008,35,3. Medical and Health sciences,3.1 Basic medicine,122,1,12,11,1,1,0,0,0,0,0,0,0,0,0,0,0,0,0,0,0,0
5,2008,35,3. Medical and Health sciences,3.1 Basic medicine,130,12,12,11,1,1,0,0,0,0,0,0,0,0,0,0,0,0,0,0,0,0
5,2008,35,3. Medical and Health sciences,3.1 Basic medicine,132,2,12,11,1,1,0,0,0,0,0,0,0,0,0,0,0,0,0,0,0,0
5,2008,35,3. Medical and Health sciences,3.1 Basic medicine,134,7,12,11,0,1,0,0,0,0,0,0,0,0,0,0,0,0,0,0,0,0
6,2004,24,5. Social sciences,5.2 Economics and business,3,1,1,1,1,0,0,1,0,0,0,0,0,0,0,0,0,0,0,0,0,0
7,2005,32,5. Social sciences,5.2 Economics and business,303,2,3,2,1,0,0,1,0,0,0,0,0,0,0,0,0,0,0,0,0,0
7,2005,32,5. Social sciences,5.2 Economics and business,305,1,3,2,1,0,0,1,0,0,0,0,0,0,0,0,0,0,0,0,0,0
8,2006,17,3. Medical and Health sciences,3.2 Clinical medicine,8,4,4,3,0,0,0,0,0,0,0,0,0,0,0,0,0,0,0,0,1,0
8,2006,17,3. Medical and Health sciences,3.2 Clinical medicine,35,3,4,3,1,0,0,0,0,0,0,0,0,0,0,0,0,0,0,0,1,0
8,2006,17,3. Medical and Health sciences,3.2 Clinical medicine,43,1,4,3,1,0,0,0,0,0,0,0,0,0,0,0,0,0,0,0,1,0
9,2007,37,3. Medical and Health sciences,3.5 Other medical sciences,12,3,7,5,1,1,0,1,0,0,0,0,0,0,1,0,0,0,0,0,1,0
9,2007,37,3. Medical and Health sciences,3.5 Other medical sciences,30,4,7,5,0,1,0,1,0,0,0,0,0,0,1,0,0,0,0,0,1,0
9,2007,37,3. Medical and Health sciences,3.5 Other medical sciences,38,1,7,5,1,1,0,1,0,0,0,0,0,0,1,0,0,0,0,0,1,0
9,2007,37,3. Medical and Health sciences,3.5 Other medical sciences,45,7,7,5,1,1,0,1,0,0,0,0,0,0,1,0,0,0,0,0,1,0
9,2007,37,3. Medical and Health sciences,3.5 Other medical sciences,55,2,7,5,1,1,0,1,0,0,0,0,0,0,1,0,0,0,0,0,1,0
10,2007,14,3. Medical and Health sciences,3.3 Health sciences,37,1,1,1,1,0,0,0,0,0,0,0,0,0,1,0,0,0,0,0,1,0
11,2008,41,3. Medical and Health sciences,3.3 Health sciences,18,1,1,1,1,0,1,0,0,0,0,0,0,0,0,0,0,0,0,0,0,0
12,2009,78,2. Engineering and technology,2.3 Mechanical engineering,318,3,4,4,1,0,0,1,0,0,0,0,0,0,0,0,0,0,0,0,1,0
12,2009,78,2. Engineering and technology,2.3 Mechanical engineering,327,1,4,4,1,0,0,1,0,0,0,0,0,0,0,0,0,0,0,0,1,0
12,2009,78,2. Engineering and technology,2.3 Mechanical engineering,334,4,4,4,1,0,0,1,0,0,0,0,0,0,0,0,0,0,0,0,1,0
12,2009,78,2. Engineering and technology,2.3 Mechanical engineering,335,2,4,4,1,0,0,1,0,0,0,0,0,0,0,0,0,0,0,0,1,0
13,2007,1,3. Medical and Health sciences,3.2 Clinical medicine,61,8,8,3,1,1,0,0,0,0,0,0,0,0,0,0,0,0,0,0,0,0
13,2007,1,3. Medical and Health sciences,3.2 Clinical medicine,99,5,8,3,1,1,0,0,0,0,0,0,0,0,0,0,0,0,0,0,0,0
13,2007,1,3. Medical and Health sciences,3.2 Clinical medicine,119,7,8,3,1,1,0,0,0,0,0,0,0,0,0,0,0,0,0,0,0,0
14,2009,79,General/very broad,General/very broad,103,5,8,1,1,0,0,0,0,0,0,0,0,0,0,0,1,0,0,0,0,0
15,2006,9,3. Medical and Health sciences,3.2 Clinical medicine,72,1,7,6,1,0,1,0,0,0,0,0,0,0,0,0,0,0,0,0,0,0
15,2006,9,3. Medical and Health sciences,3.2 Clinical medicine,79,6,7,6,1,0,1,0,0,0,0,0,0,0,0,0,0,0,0,0,0,0
15,2006,9,3. Medical and Health sciences,3.2 Clinical medicine,114,4,7,6,1,0,1,0,0,0,0,0,0,0,0,0,0,0,0,0,0,0
15,2006,9,3. Medical and Health sciences,3.2 Clinical medicine,121,7,7,6,1,0,1,0,0,0,0,0,0,0,0,0,0,0,0,0,0,0
15,2006,9,3. Medical and Health sciences,3.2 Clinical medicine,130,5,7,6,1,0,1,0,0,0,0,0,0,0,0,0,0,0,0,0,0,0
15,2006,9,3. Medical and Health sciences,3.2 Clinical medicine,131,2,7,6,1,0,1,0,0,0,0,0,0,0,0,0,0,0,0,0,0,0
16,2009,31,1. Natural sciences,1.2 Computer and information sciences,67,2,3,3,1,0,0,0,0,0,0,0,0,0,0,0,0,0,0,0,0,1
16,2009,31,1. Natural sciences,1.2 Computer and information sciences,80,3,3,3,1,0,0,0,0,0,0,0,0,0,0,0,0,0,0,0,0,1
16,2009,31,1. Natural sciences,1.2 Computer and information sciences,191,1,3,3,0,0,0,0,0,0,0,0,0,0,0,0,0,0,0,0,0,1
17,2007,1,3. Medical and Health sciences,3.2 Clinical medicine,9,7,8,1,1,0,0,0,0,0,0,0,0,0,0,0,0,0,0,0,1,0
18,2009,17,3. Medical and Health sciences,3.2 Clinical medicine,35,3,4,2,1,0,0,0,0,0,0,0,0,0,0,0,0,0,0,0,1,0
18,2009,17,3. Medical and Health sciences,3.2 Clinical medicine,43,1,4,2,1,0,0,0,0,0,0,0,0,0,0,0,0,0,0,0,1,0
19,2010,72,1. Natural sciences,1.2 Computer and information sciences,307,2,4,4,1,0,0,1,0,0,0,0,0,0,0,0,0,0,0,0,0,0
19,2010,72,1. Natural sciences,1.2 Computer and information sciences,308,3,4,4,0,0,0,1,0,0,0,0,0,0,0,0,0,0,0,0,0,0
19,2010,72,1. Natural sciences,1.2 Computer and information sciences,316,4,4,4,1,0,0,1,0,0,0,0,0,0,0,0,0,0,0,0,0,0
19,2010,72,1. Natural sciences,1.2 Computer and information sciences,337,1,4,4,1,0,0,1,0,0,0,0,0,0,0,0,0,0,0,0,0,0
20,2010,78,2. Engineering and technology,2.3 Mechanical engineering,327,1,2,1,1,0,0,1,0,0,0,0,0,0,0,0,0,0,0,0,1,0
21,2010,2,5. Social sciences,5.2 Economics and business,69,2,2,1,1,0,0,1,0,0,0,0,0,0,0,0,0,0,0,0,0,0
22,2010,16,3. Medical and Health sciences,3.2 Clinical medicine,89,2,2,1,1,1,0,0,0,0,0,0,0,0,0,0,0,0,0,0,0,0
23,2010,85,General/very broad,General/very broad,25,2,4,3,1,0,0,0,0,0,0,0,0,0,1,0,0,0,0,0,1,0
23,2010,85,General/very broad,General/very broad,36,3,4,3,1,0,0,0,0,0,0,0,0,0,1,0,0,0,0,0,1,0
23,2010,85,General/very broad,General/very broad,42,1,4,3,1,0,0,0,0,0,0,0,0,0,1,0,0,0,0,0,1,0
24,2010,8,3. Medical and Health sciences,3.2 Clinical medicine,4,4,6,6,1,1,0,0,0,0,0,0,0,0,0,0,0,0,0,0,1,0
24,2010,8,3. Medical and Health sciences,3.2 Clinical medicine,11,6,6,6,1,1,0,0,0,0,0,0,0,0,0,0,0,0,0,0,1,0
24,2010,8,3. Medical and Health sciences,3.2 Clinical medicine,26,2,6,6,1,1,0,0,0,0,0,0,0,0,0,0,0,0,0,0,1,0
24,2010,8,3. Medical and Health sciences,3.2 Clinical medicine,48,3,6,6,1,1,0,0,0,0,0,0,0,0,0,0,0,0,0,0,1,0
24,2010,8,3. Medical and Health sciences,3.2 Clinical medicine,215,5,6,6,1,1,0,0,0,0,0,0,0,0,0,0,0,0,0,0,1,0
24,2010,8,3. Medical and Health sciences,3.2 Clinical medicine,216,1,6,6,0,1,0,0,0,0,0,0,0,0,0,0,0,0,0,0,1,0
25,2005,120,3. Medical and Health sciences,3.5 Other medical sciences,173,1,1,1,1,1,0,0,0,0,0,0,0,0,1,0,0,0,0,0,1,0
26,2004,1,3. Medical and Health sciences,3.2 Clinical medicine,173,1,1,1,1,1,0,0,0,0,0,0,0,0,1,0,0,0,0,0,1,0
27,2006,17,3. Medical and Health sciences,3.2 Clinical medicine,173,1,1,1,1,1,0,0,0,0,0,0,0,0,1,0,0,0,0,0,1,0
28,2010,50,1. Natural sciences,1.5 Earth and related environmental sciences,175,2,3,2,1,0,0,1,1,0,0,0,0,0,1,0,0,0,0,0,1,0
28,2010,50,1. Natural sciences,1.5 Earth and related environmental sciences,340,1,3,2,1,0,0,1,1,0,0,0,0,0,1,0,0,0,0,0,1,0
29,2010,6,5. Social sciences,5.9 Other social sciences,152,2,2,2,1,0,0,0,0,1,0,0,0,0,0,0,0,0,0,0,1,0
29,2010,6,5. Social sciences,5.9 Other social sciences,165,1,2,2,1,0,0,0,0,1,0,0,0,0,0,0,0,0,0,0,1,0
30,2008,81,1. Natural sciences,1.6 Biological sciences,220,1,5,1,0,1,0,0,0,0,0,0,0,0,0,0,0,0,0,0,0,0
31,2011,86,2. Engineering and technology,2.11 Other engineering and technologies,335,1,1,1,1,0,0,1,0,0,0,0,0,0,0,0,0,0,0,0,0,0
32,2011,72,1. Natural sciences,1.2 Computer and information sciences,0,3,5,4,1,0,0,1,0,0,0,0,0,0,0,0,0,0,0,0,0,0
32,2011,72,1. Natural sciences,1.2 Computer and information sciences,307,5,5,4,1,0,0,1,0,0,0,0,0,0,0,0,0,0,0,0,0,0
32,2011,72,1. Natural sciences,1.2 Computer and information sciences,337,2,5,4,1,0,0,1,0,0,0,0,0,0,0,0,0,0,0,0,0,0
32,2011,72,1. Natural sciences,1.2 Computer and information sciences,338,1,5,4,1,0,0,1,0,0,0,0,0,0,0,0,0,0,0,0,0,0
33,2011,42,5. Social sciences,5.2 Economics and business,306,2,3,2,1,0,0,1,0,0,0,0,0,0,0,0,0,0,0,0,0,0
33,2011,42,5. Social sciences,5.2 Economics and business,309,3,3,2,1,0,0,1,0,0,0,0,0,0,0,0,0,0,0,0,0,0
34,2011,107,3. Medical and Health sciences,3.1 Basic medicine,254,2,2,1,0,0,1,0,0,0,0,0,0,0,0,0,0,0,0,0,0,0
35,2011,107,3. Medical and Health sciences,3.1 Basic medicine,254,1,3,1,0,0,1,0,0,0,0,0,0,0,0,0,0,0,0,0,0,0
36,2010,43,3. Medical and Health sciences,3.2 Clinical medicine,59,1,3,2,1,1,0,0,0,0,0,0,0,0,0,0,0,0,0,0,0,0
36,2010,43,3. Medical and Health sciences,3.2 Clinical medicine,112,2,3,2,1,1,0,0,0,0,0,0,0,0,0,0,0,0,0,0,0,0
37,2011,58,5. Social sciences,5.3 Educational sciences,63,1,4,2,1,0,0,0,1,0,0,0,0,0,0,0,0,0,0,0,1,0
37,2011,58,5. Social sciences,5.3 Educational sciences,85,3,4,2,1,0,0,0,1,0,0,0,0,0,0,0,0,0,0,0,1,0
38,2010,46,3. Medical and Health sciences,3.4 Health biotechnology,109,1,1,1,1,1,0,0,0,0,0,0,0,0,0,0,0,0,0,0,0,0
39,2010,76,3. Medical and Health sciences,3.3 Health sciences,91,2,2,2,1,1,0,0,0,0,0,0,0,0,0,0,0,0,0,0,0,0
39,2010,76,3. Medical and Health sciences,3.3 Health sciences,109,1,2,2,1,1,0,0,0,0,0,0,0,0,0,0,0,0,0,0,0,0
40,2011,39,3. Medical and Health sciences,3.2 Clinical medicine,82,3,5,2,1,0,0,0,0,0,0,0,0,0,0,0,0,0,1,0,0,0
40,2011,39,3. Medical and Health sciences,3.2 Clinical medicine,113,1,5,2,1,0,0,0,0,0,0,0,0,0,0,0,0,0,1,0,0,0
41,2011,89,5. Social sciences,5.2 Economics and business,53,1,2,1,1,0,0,0,0,0,1,0,0,0,0,0,0,0,0,0,0,0
42,2011,80,5. Social sciences,5.2 Economics and business,2,1,5,3,1,0,0,1,0,0,0,0,0,0,0,0,0,0,0,0,1,0
42,2011,80,5. Social sciences,5.2 Economics and business,7,3,5,3,1,0,0,1,0,0,0,0,0,0,0,0,0,0,0,0,1,0
42,2011,80,5. Social sciences,5.2 Economics and business,49,2,5,3,1,0,0,1,0,0,0,0,0,0,0,0,0,0,0,0,1,0
43,2011,68,2. Engineering and technology,2.1 Civil engineering,14,2,3,3,1,0,0,0,0,0,0,0,0,0,0,0,0,0,0,1,1,0
43,2011,68,2. Engineering and technology,2.1 Civil engineering,31,1,3,3,1,0,0,0,0,0,0,0,0,0,0,0,0,0,0,1,1,0
43,2011,68,2. Engineering and technology,2.1 Civil engineering,46,3,3,3,1,0,0,0,0,0,0,0,0,0,0,0,0,0,0,1,1,0
44,2011,32,5. Social sciences,5.2 Economics and business,27,2,2,1,1,0,0,1,0,0,0,0,0,0,0,0,0,0,0,0,0,0
45,2011,91,4. Agricultural sciences,"4.1 Agriculture, forestry, and fisheries",39,2,6,2,1,0,0,1,0,0,0,0,0,0,0,0,0,0,0,0,1,0
45,2011,91,4. Agricultural sciences,"4.1 Agriculture, forestry, and fisheries",49,3,6,2,1,0,0,1,0,0,0,0,0,0,0,0,0,0,0,0,1,0
46,2011,96,5. Social sciences,5.1 Psychology,47,3,3,1,1,0,1,0,0,0,0,0,0,0,1,0,0,0,0,0,0,0
47,2011,52,3. Medical and Health sciences,3.5 Other medical sciences,142,1,2,1,1,1,0,0,0,1,0,0,0,0,0,0,0,0,0,0,1,0
48,2011,52,3. Medical and Health sciences,3.5 Other medical sciences,142,2,2,1,1,1,0,0,0,1,0,0,0,0,0,0,0,0,0,0,1,0
49,2010,56,2. Engineering and technology,2.7 Environmental engineering,175,2,7,2,1,0,0,1,1,0,0,0,0,0,1,0,0,0,0,0,1,0
49,2010,56,2. Engineering and technology,2.7 Environmental engineering,340,3,7,2,1,0,0,1,1,0,0,0,0,0,1,0,0,0,0,0,1,0
50,2010,83,5. Social sciences,5.4 Sociology,143,2,3,2,1,1,0,0,0,1,0,0,0,0,1,0,0,0,0,0,0,0
50,2010,83,5. Social sciences,5.4 Sociology,158,3,3,2,1,1,0,0,0,1,0,0,0,0,1,0,0,0,0,0,0,0
51,2011,92,3. Medical and Health sciences,3.3 Health sciences,143,2,3,2,1,1,0,0,0,1,0,0,0,0,1,0,0,0,0,0,0,0
51,2011,92,3. Medical and Health sciences,3.3 Health sciences,158,3,3,2,1,1,0,0,0,1,0,0,0,0,1,0,0,0,0,0,0,0
52,2011,82,3. Medical and Health sciences,3.1 Basic medicine,143,2,3,2,1,1,0,0,0,1,0,0,0,0,1,0,0,0,0,0,0,0
52,2011,82,3. Medical and Health sciences,3.1 Basic medicine,158,3,3,2,1,1,0,0,0,1,0,0,0,0,1,0,0,0,0,0,0,0
53,2012,59,3. Medical and Health sciences,3.3 Health sciences,226,1,4,3,0,1,0,0,1,0,0,0,0,0,0,0,0,0,0,0,1,0
53,2012,59,3. Medical and Health sciences,3.3 Health sciences,313,3,4,3,1,1,0,0,1,0,0,0,0,0,0,0,0,0,0,0,1,0
53,2012,59,3. Medical and Health sciences,3.3 Health sciences,315,4,4,3,1,1,0,0,1,0,0,0,0,0,0,0,0,0,0,0,1,0
54,2012,86,2. Engineering and technology,2.11 Other engineering and technologies,335,1,1,1,1,0,0,1,0,0,0,0,0,0,0,0,0,0,0,0,0,0
55,2012,5,2. Engineering and technology,2.7 Environmental engineering,327,2,3,2,1,0,0,1,0,0,0,0,0,0,0,0,0,0,0,0,1,0
55,2012,5,2. Engineering and technology,2.7 Environmental engineering,329,1,3,2,1,0,0,1,0,0,0,0,0,0,0,0,0,0,0,0,1,0
56,2012,5,2. Engineering and technology,2.7 Environmental engineering,327,3,3,2,1,0,0,1,0,0,0,0,0,0,0,0,0,0,0,0,1,0
56,2012,5,2. Engineering and technology,2.7 Environmental engineering,329,2,3,2,1,0,0,1,0,0,0,0,0,0,0,0,0,0,0,0,1,0
57,2011,33,5. Social sciences,5.2 Economics and business,232,2,2,1,0,0,0,1,0,0,0,0,0,0,0,0,0,0,0,0,0,0
58,2012,80,5. Social sciences,5.2 Economics and business,314,2,2,1,1,0,0,1,0,0,0,0,0,0,0,0,0,0,0,0,0,0
59,2012,71,2. Engineering and technology,"2.2 Electrical engineering, electronic engineering, information engineering",203,1,2,2,1,0,0,1,0,0,0,0,0,0,0,0,0,0,0,0,0,0
59,2012,71,2. Engineering and technology,"2.2 Electrical engineering, electronic engineering, information engineering",307,2,2,2,1,0,0,1,0,0,0,0,0,0,0,0,0,0,0,0,0,0
60,2012,86,2. Engineering and technology,2.11 Other engineering and technologies,335,2,2,1,1,0,0,1,0,0,0,0,0,0,0,0,0,0,0,0,0,0
61,2012,128,5. Social sciences,5.2 Economics and business,225,4,4,3,0,0,0,1,0,0,0,0,0,0,0,0,0,0,0,0,0,0
61,2012,128,5. Social sciences,5.2 Economics and business,303,2,4,3,1,0,0,1,0,0,0,0,0,0,0,0,0,0,0,0,0,0
61,2012,128,5. Social sciences,5.2 Economics and business,330,1,4,3,0,0,0,1,0,0,0,0,0,0,0,0,0,0,0,0,0,0
62,2012,125,1. Natural sciences,1.6 Biological sciences,327,1,3,2,1,0,0,1,0,0,0,0,0,0,0,0,0,0,0,0,1,0
62,2012,125,1. Natural sciences,1.6 Biological sciences,335,3,3,2,1,0,0,1,0,0,0,0,0,0,0,0,0,0,0,0,1,0
63,2012,29,1. Natural sciences,1.5 Earth and related environmental sciences,327,1,2,1,1,0,0,1,0,0,0,0,0,0,0,0,0,0,0,0,1,0
64,2012,106,5. Social sciences,5.1 Psychology,87,2,3,3,1,0,0,0,1,0,0,0,0,0,0,0,0,0,0,0,0,0
64,2012,106,5. Social sciences,5.1 Psychology,116,3,3,3,1,0,0,0,1,0,0,0,0,0,0,0,0,0,0,0,0,0
64,2012,106,5. Social sciences,5.1 Psychology,247,1,3,3,0,0,0,0,1,0,0,0,0,0,0,0,0,0,0,0,0,0
65,2012,34,3. Medical and Health sciences,3.2 Clinical medicine,65,5,5,1,1,1,0,0,0,0,0,0,0,0,0,0,0,0,0,0,0,0
66,2012,123,General/very broad,General/very broad,75,3,3,1,1,0,1,0,0,0,0,0,0,0,0,0,0,0,0,0,0,0
67,2012,131,General/very broad,General/very broad,75,4,4,1,1,0,1,0,0,0,0,0,0,0,0,0,0,0,0,0,0,0
68,2011,19,3. Medical and Health sciences,3.2 Clinical medicine,66,1,2,2,1,1,0,0,0,0,0,0,0,0,0,0,0,0,0,0,0,0
68,2011,19,3. Medical and Health sciences,3.2 Clinical medicine,252,2,2,2,1,1,0,0,0,0,0,0,0,0,0,0,0,0,0,0,0,0
69,2012,74,1. Natural sciences,1.2 Computer and information sciences,70,7,8,7,1,0,0,0,0,0,0,0,0,0,0,0,0,0,0,0,0,1
69,2012,74,1. Natural sciences,1.2 Computer and information sciences,80,8,8,7,1,0,0,0,0,0,0,0,0,0,0,0,0,0,0,0,0,1
69,2012,74,1. Natural sciences,1.2 Computer and information sciences,135,1,8,7,1,0,0,0,0,0,0,0,0,0,0,0,0,0,0,0,0,1
69,2012,74,1. Natural sciences,1.2 Computer and information sciences,207,6,8,7,1,0,0,0,0,0,0,0,0,0,0,0,0,0,0,0,0,1
69,2012,74,1. Natural sciences,1.2 Computer and information sciences,211,3,8,7,0,0,0,0,0,0,0,0,0,0,0,0,0,0,0,0,0,1
69,2012,74,1. Natural sciences,1.2 Computer and information sciences,212,5,8,7,0,0,0,0,0,0,0,0,0,0,0,0,0,0,0,0,0,1
69,2012,74,1. Natural sciences,1.2 Computer and information sciences,250,2,8,7,0,0,0,0,0,0,0,0,0,0,0,0,0,0,0,0,0,1
70,2012,48,5. Social sciences,5.2 Economics and business,106,2,4,2,1,0,0,0,0,1,0,0,0,0,0,0,0,0,0,0,0,0
70,2012,48,5. Social sciences,5.2 Economics and business,208,1,4,2,0,0,0,0,0,1,0,0,0,0,0,0,0,0,0,0,0,0
71,2012,77,5. Social sciences,5.4 Sociology,243,1,1,1,0,0,0,0,0,0,0,0,0,1,0,0,0,0,0,0,0,0
72,2012,108,5. Social sciences,5.8 Media and communications,68,1,2,1,1,0,0,0,0,0,0,0,0,1,0,0,0,0,0,0,0,0
73,2011,46,3. Medical and Health sciences,3.4 Health biotechnology,78,5,5,4,1,1,0,0,0,0,0,0,0,0,0,0,0,0,0,0,0,0
73,2011,46,3. Medical and Health sciences,3.4 Health biotechnology,100,4,5,4,1,1,0,0,0,0,0,0,0,0,0,0,0,0,0,0,0,0
73,2011,46,3. Medical and Health sciences,3.4 Health biotechnology,109,1,5,4,1,1,0,0,0,0,0,0,0,0,0,0,0,0,0,0,0,0
73,2011,46,3. Medical and Health sciences,3.4 Health biotechnology,129,2,5,4,1,1,0,0,0,0,0,0,0,0,0,0,0,0,0,0,0,0
74,2012,51,5. Social sciences,5.2 Economics and business,210,1,2,2,0,0,0,1,0,0,0,0,0,0,0,0,0,0,0,0,0,0
74,2012,51,5. Social sciences,5.2 Economics and business,304,2,2,2,1,0,0,1,0,0,0,0,0,0,0,0,0,0,0,0,0,0
75,2012,84,5. Social sciences,5.3 Educational sciences,85,2,3,2,1,0,1,0,0,0,0,0,0,0,0,0,0,0,0,0,0,0
75,2012,84,5. Social sciences,5.3 Educational sciences,248,1,3,2,0,0,1,0,0,0,0,0,0,0,0,0,0,0,0,0,0,0
76,2012,59,3. Medical and Health sciences,3.3 Health sciences,20,1,1,1,1,1,0,0,0,0,0,0,0,0,0,0,0,0,1,0,1,0
77,2012,50,1. Natural sciences,1.5 Earth and related environmental sciences,239,1,2,2,0,0,0,0,0,0,1,0,0,0,0,0,0,0,0,0,1,0
77,2012,50,1. Natural sciences,1.5 Earth and related environmental sciences,240,2,2,2,0,0,0,0,0,0,1,0,0,0,0,0,0,0,0,0,1,0
78,2012,90,1. Natural sciences,1.2 Computer and information sciences,22,5,7,6,1,0,0,0,0,0,0,0,0,1,0,0,0,0,0,0,1,0
78,2012,90,1. Natural sciences,1.2 Computer and information sciences,24,4,7,6,1,0,0,0,0,0,0,0,0,1,0,0,0,0,0,0,1,0
78,2012,90,1. Natural sciences,1.2 Computer and information sciences,28,1,7,6,0,0,0,0,0,0,0,0,0,1,0,0,0,0,0,0,1,0
78,2012,90,1. Natural sciences,1.2 Computer and information sciences,51,7,7,6,1,0,0,0,0,0,0,0,0,1,0,0,0,0,0,0,1,0
78,2012,90,1. Natural sciences,1.2 Computer and information sciences,193,6,7,6,0,0,0,0,0,0,0,0,0,1,0,0,0,0,0,0,1,0
78,2012,90,1. Natural sciences,1.2 Computer and information sciences,241,2,7,6,0,0,0,0,0,0,0,0,0,1,0,0,0,0,0,0,1,0
79,2011,6,5. Social sciences,5.9 Other social sciences,239,2,2,1,0,0,0,0,0,0,1,0,0,0,0,0,0,0,0,0,1,0
80,2012,23,5. Social sciences,5.9 Other social sciences,239,2,2,1,0,0,0,0,0,0,1,0,0,0,0,0,0,0,0,0,1,0
81,2012,110,3. Medical and Health sciences,3.2 Clinical medicine,20,2,2,2,1,1,0,0,0,0,0,0,0,0,0,0,0,0,1,0,1,0
81,2012,110,3. Medical and Health sciences,3.2 Clinical medicine,238,1,2,2,0,1,0,0,0,0,0,0,0,0,0,0,0,0,1,0,1,0
82,2012,49,5. Social sciences,5.6 Political Science,239,2,2,1,0,0,0,0,0,0,1,0,0,0,0,0,0,0,0,0,1,0
83,2012,76,3. Medical and Health sciences,3.3 Health sciences,13,3,4,4,1,1,0,0,0,0,0,0,0,0,1,0,0,0,0,0,1,0
83,2012,76,3. Medical and Health sciences,3.3 Health sciences,32,2,4,4,1,1,0,0,0,0,0,0,0,0,1,0,0,0,0,0,1,0
83,2012,76,3. Medical and Health sciences,3.3 Health sciences,56,4,4,4,1,1,0,0,0,0,0,0,0,0,1,0,0,0,0,0,1,0
83,2012,76,3. Medical and Health sciences,3.3 Health sciences,242,1,4,4,0,1,0,0,0,0,0,0,0,0,1,0,0,0,0,0,1,0
84,2011,23,5. Social sciences,5.9 Other social sciences,239,1,1,1,0,0,0,0,0,0,1,0,0,0,0,0,0,0,0,0,1,0
85,2012,121,General/very broad,General/very broad,194,3,3,1,1,0,0,0,1,0,0,0,0,0,0,1,0,0,0,0,0,0
86,2012,108,5. Social sciences,5.8 Media and communications,17,1,2,2,1,0,0,0,0,0,0,0,0,1,1,0,0,0,0,0,1,0
86,2012,108,5. Social sciences,5.8 Media and communications,33,2,2,2,1,0,0,0,0,0,0,0,0,1,1,0,0,0,0,0,1,0
87,2012,25,5. Social sciences,5.2 Economics and business,178,3,5,5,1,0,0,0,0,0,0,0,0,1,1,0,0,0,0,0,1,0
87,2012,25,5. Social sciences,5.2 Economics and business,181,5,5,5,1,0,0,0,0,0,0,0,0,1,1,0,0,0,0,0,1,0
87,2012,25,5. Social sciences,5.2 Economics and business,256,1,5,5,0,0,0,0,0,0,0,0,0,1,1,0,0,0,0,0,1,0
87,2012,25,5. Social sciences,5.2 Economics and business,258,2,5,5,0,0,0,0,0,0,0,0,0,1,1,0,0,0,0,0,1,0
87,2012,25,5. Social sciences,5.2 Economics and business,259,4,5,5,0,0,0,0,0,0,0,0,0,1,1,0,0,0,0,0,1,0
88,2012,66,1. Natural sciences,1.1 Mathematics,127,4,4,2,1,0,0,0,0,1,0,0,0,0,1,0,0,0,0,0,1,0
88,2012,66,1. Natural sciences,1.1 Mathematics,339,1,4,2,1,0,0,0,0,1,0,0,0,0,1,0,0,0,0,0,1,0
89,2012,70,2. Engineering and technology,2.7 Environmental engineering,180,3,4,1,1,0,0,1,0,0,0,0,0,0,1,0,0,0,0,0,1,0
90,2012,69,3. Medical and Health sciences,3.1 Basic medicine,184,7,7,7,1,1,0,1,0,0,0,0,0,0,1,0,0,0,0,0,1,0
90,2012,69,3. Medical and Health sciences,3.1 Basic medicine,197,4,7,7,0,1,0,1,0,0,0,0,0,0,1,0,0,0,0,0,1,0
90,2012,69,3. Medical and Health sciences,3.1 Basic medicine,198,2,7,7,1,1,0,1,0,0,0,0,0,0,1,0,0,0,0,0,1,0
90,2012,69,3. Medical and Health sciences,3.1 Basic medicine,199,3,7,7,0,1,0,1,0,0,0,0,0,0,1,0,0,0,0,0,1,0
90,2012,69,3. Medical and Health sciences,3.1 Basic medicine,200,5,7,7,1,1,0,1,0,0,0,0,0,0,1,0,0,0,0,0,1,0
90,2012,69,3. Medical and Health sciences,3.1 Basic medicine,229,1,7,7,0,1,0,1,0,0,0,0,0,0,1,0,0,0,0,0,1,0
90,2012,69,3. Medical and Health sciences,3.1 Basic medicine,260,6,7,7,0,1,0,1,0,0,0,0,0,0,1,0,0,0,0,0,1,0
91,2011,111,6. Humanities,6.3.1 Philosophy,54,1,1,1,1,0,0,0,0,0,0,0,0,0,0,0,0,0,1,1,0,0
92,2011,103,2. Engineering and technology,2.11 Other engineering and technologies,97,1,2,2,1,1,0,0,0,0,0,0,0,0,1,0,0,0,0,0,0,0
92,2011,103,2. Engineering and technology,2.11 Other engineering and technologies,139,2,2,2,1,1,0,0,0,0,0,0,0,0,1,0,0,0,0,0,0,0
93,2012,62,2. Engineering and technology,2.11 Other engineering and technologies,136,1,4,4,1,1,0,0,0,0,0,0,0,0,1,0,0,0,0,0,0,0
93,2012,62,2. Engineering and technology,2.11 Other engineering and technologies,139,4,4,4,1,1,0,0,0,0,0,0,0,0,1,0,0,0,0,0,0,0
93,2012,62,2. Engineering and technology,2.11 Other engineering and technologies,148,2,4,4,1,1,0,0,0,0,0,0,0,0,1,0,0,0,0,0,0,0
93,2012,62,2. Engineering and technology,2.11 Other engineering and technologies,154,3,4,4,1,1,0,0,0,0,0,0,0,0,1,0,0,0,0,0,0,0
94,2012,103,2. Engineering and technology,2.11 Other engineering and technologies,97,1,2,2,1,1,0,0,0,0,0,0,0,0,1,0,0,0,0,0,0,0
94,2012,103,2. Engineering and technology,2.11 Other engineering and technologies,139,2,2,2,1,1,0,0,0,0,0,0,0,0,1,0,0,0,0,0,0,0
95,2012,119,3. Medical and Health sciences,3.1 Basic medicine,137,4,5,4,1,1,0,0,0,0,0,0,0,0,1,0,0,0,0,0,0,0
95,2012,119,3. Medical and Health sciences,3.1 Basic medicine,139,5,5,4,1,1,0,0,0,0,0,0,0,0,1,0,0,0,0,0,0,0
95,2012,119,3. Medical and Health sciences,3.1 Basic medicine,168,2,5,4,1,1,0,0,0,0,0,0,0,0,1,0,0,0,0,0,0,0
95,2012,119,3. Medical and Health sciences,3.1 Basic medicine,218,1,5,4,1,1,0,0,0,0,0,0,0,0,1,0,0,0,0,0,0,0
96,2012,67,1. Natural sciences,1.2 Computer and information sciences,157,4,4,2,0,1,1,0,1,0,0,0,0,0,0,0,0,0,0,0,0,0
96,2012,67,1. Natural sciences,1.2 Computer and information sciences,163,2,4,2,1,1,1,0,1,0,0,0,0,0,0,0,0,0,0,0,0,0
97,2012,10,General/very broad,General/very broad,166,1,5,1,1,0,1,0,0,0,0,0,0,0,0,0,0,0,0,0,0,0
98,2012,105,5. Social sciences,5.4 Sociology,237,2,2,1,1,0,0,0,0,0,0,0,0,0,1,0,0,1,0,0,0,0
99,2013,114,General/very broad,General/very broad,60,1,2,1,1,0,0,0,1,0,0,0,0,0,0,0,0,0,0,0,0,0
100,2012,15,3. Medical and Health sciences,3.1 Basic medicine,117,2,2,1,0,0,0,0,1,0,0,0,0,0,0,0,0,0,0,0,0,0
101,2013,62,2. Engineering and technology,2.11 Other engineering and technologies,133,2,4,1,1,0,0,0,1,0,0,0,0,0,0,0,0,0,0,0,0,0
102,2013,123,General/very broad,General/very broad,251,1,2,1,0,0,0,0,0,0,0,0,0,0,0,0,0,0,0,1,0,0
103,2013,143,3. Medical and Health sciences,3.2 Clinical medicine,273,2,2,1,1,1,0,0,0,0,0,0,0,0,0,0,0,0,0,0,0,0
104,2013,104,1. Natural sciences,1.5 Earth and related environmental sciences,77,5,6,4,1,0,0,0,0,0,0,0,0,0,1,0,0,0,0,0,1,0
104,2013,104,1. Natural sciences,1.5 Earth and related environmental sciences,93,4,6,4,1,0,0,0,0,0,0,0,0,0,1,0,0,0,0,0,1,0
104,2013,104,1. Natural sciences,1.5 Earth and related environmental sciences,94,6,6,4,1,0,0,0,0,0,0,0,0,0,1,0,0,0,0,0,1,0
104,2013,104,1. Natural sciences,1.5 Earth and related environmental sciences,104,3,6,4,1,0,0,0,0,0,0,0,0,0,1,0,0,0,0,0,1,0
105,2013,112,5. Social sciences,5.6 Political Science,205,1,2,2,0,0,0,1,0,0,0,0,0,0,0,0,0,0,0,0,0,0
105,2013,112,5. Social sciences,5.6 Political Science,253,2,2,2,0,0,0,1,0,0,0,0,0,0,0,0,0,0,0,0,0,0
106,2012,27,5. Social sciences,5.7 Social and economic geography,58,1,2,2,1,0,0,0,0,0,0,0,0,0,0,0,0,0,0,1,0,0
106,2012,27,5. Social sciences,5.7 Social and economic geography,73,2,2,2,0,0,0,0,0,0,0,0,0,0,0,0,0,0,0,1,0,0
107,2013,27,5. Social sciences,5.7 Social and economic geography,124,1,1,1,0,0,0,0,0,0,0,0,0,0,0,0,0,0,0,1,0,0
108,2013,77,5. Social sciences,5.4 Sociology,84,2,2,2,1,0,0,0,0,0,0,0,0,1,0,0,0,0,0,0,0,0
108,2013,77,5. Social sciences,5.4 Sociology,243,1,2,2,0,0,0,0,0,0,0,0,0,1,0,0,0,0,0,0,0,0
109,2013,2,5. Social sciences,5.2 Economics and business,210,1,2,2,0,0,0,1,0,0,0,0,0,0,0,0,0,0,0,0,0,0
109,2013,2,5. Social sciences,5.2 Economics and business,304,2,2,2,1,0,0,1,0,0,0,0,0,0,0,0,0,0,0,0,0,0
110,2013,55,5. Social sciences,5.2 Economics and business,90,1,2,2,1,0,0,1,0,0,0,0,0,0,0,0,0,0,0,0,0,0
110,2013,55,5. Social sciences,5.2 Economics and business,209,2,2,2,0,0,0,1,0,0,0,0,0,0,0,0,0,0,0,0,0,0
111,2013,63,5. Social sciences,5.3 Educational sciences,63,3,4,4,1,1,0,0,0,0,0,0,0,0,0,0,0,0,0,0,0,0
111,2013,63,5. Social sciences,5.3 Educational sciences,80,4,4,4,1,1,0,0,0,0,0,0,0,0,0,0,0,0,0,0,0,0
111,2013,63,5. Social sciences,5.3 Educational sciences,125,1,4,4,1,1,0,0,0,0,0,0,0,0,0,0,0,0,0,0,0,0
111,2013,63,5. Social sciences,5.3 Educational sciences,207,2,4,4,1,1,0,0,0,0,0,0,0,0,0,0,0,0,0,0,0,0
112,2012,57,5. Social sciences,5.2 Economics and business,76,1,3,1,1,0,0,1,0,0,0,0,0,0,0,0,0,0,0,0,0,0
113,2013,63,5. Social sciences,5.3 Educational sciences,85,3,3,3,1,0,1,0,0,0,0,0,0,0,0,0,0,0,0,0,0,0
113,2013,63,5. Social sciences,5.3 Educational sciences,128,2,3,3,1,0,1,0,0,0,0,0,0,0,0,0,0,0,0,0,0,0
113,2013,63,5. Social sciences,5.3 Educational sciences,276,1,3,3,0,0,1,0,0,0,0,0,0,0,0,0,0,0,0,0,0,0
114,2013,134,5. Social sciences,5.2 Economics and business,335,2,2,1,1,0,0,1,0,0,0,0,0,0,0,0,0,0,0,0,0,0
115,2012,23,5. Social sciences,5.9 Other social sciences,240,1,2,1,0,0,0,0,0,0,1,0,0,0,0,0,0,0,0,0,1,0
116,2013,118,General/very broad,General/very broad,7,3,3,2,1,0,0,1,0,0,0,0,0,0,0,0,0,0,0,0,1,0
116,2013,118,General/very broad,General/very broad,49,2,3,2,1,0,0,1,0,0,0,0,0,0,0,0,0,0,0,0,1,0
117,2012,49,5. Social sciences,5.6 Political Science,240,1,1,1,0,0,0,0,0,0,1,0,0,0,0,0,0,0,0,0,1,0
118,2012,132,3. Medical and Health sciences,3.3 Health sciences,213,2,9,1,1,1,0,0,0,0,0,0,0,0,0,0,0,0,0,0,1,0
119,2010,6,5. Social sciences,5.9 Other social sciences,239,3,3,1,0,0,0,0,0,0,1,0,0,0,0,0,0,0,0,0,1,0
120,2008,20,3. Medical and Health sciences,3.2 Clinical medicine,15,2,4,4,1,1,0,0,0,0,0,0,0,0,0,0,0,0,0,0,1,0
120,2008,20,3. Medical and Health sciences,3.2 Clinical medicine,40,4,4,4,1,1,0,0,0,0,0,0,0,0,0,0,0,0,0,0,1,0
120,2008,20,3. Medical and Health sciences,3.2 Clinical medicine,214,1,4,4,1,1,0,0,0,0,0,0,0,0,0,0,0,0,0,0,1,0
120,2008,20,3. Medical and Health sciences,3.2 Clinical medicine,278,3,4,4,1,1,0,0,0,0,0,0,0,0,0,0,0,0,0,0,1,0
121,2006,28,3. Medical and Health sciences,3.1 Basic medicine,71,2,5,2,1,1,0,0,0,0,0,0,0,0,0,0,0,0,0,0,0,0
121,2006,28,3. Medical and Health sciences,3.1 Basic medicine,101,5,5,2,1,1,0,0,0,0,0,0,0,0,0,0,0,0,0,0,0,0
122,2006,28,3. Medical and Health sciences,3.1 Basic medicine,71,1,7,2,1,1,0,0,0,0,0,0,0,0,0,0,0,0,0,0,0,0
122,2006,28,3. Medical and Health sciences,3.1 Basic medicine,101,7,7,2,1,1,0,0,0,0,0,0,0,0,0,0,0,0,0,0,0,0
123,2009,45,3. Medical and Health sciences,3.2 Clinical medicine,101,7,8,5,1,1,0,0,0,0,0,0,0,0,0,0,0,0,0,0,0,0
123,2009,45,3. Medical and Health sciences,3.2 Clinical medicine,102,8,8,5,1,1,0,0,0,0,0,0,0,0,0,0,0,0,0,0,0,0
123,2009,45,3. Medical and Health sciences,3.2 Clinical medicine,105,4,8,5,1,1,0,0,0,0,0,0,0,0,0,0,0,0,0,0,0,0
123,2009,45,3. Medical and Health sciences,3.2 Clinical medicine,123,2,8,5,1,1,0,0,0,0,0,0,0,0,0,0,0,0,0,0,0,0
123,2009,45,3. Medical and Health sciences,3.2 Clinical medicine,190,1,8,5,1,1,0,0,0,0,0,0,0,0,0,0,0,0,0,0,0,0
124,2010,45,3. Medical and Health sciences,3.2 Clinical medicine,105,1,4,3,1,1,0,0,0,0,0,0,0,0,0,0,0,0,0,0,0,0
124,2010,45,3. Medical and Health sciences,3.2 Clinical medicine,123,4,4,3,1,1,0,0,0,0,0,0,0,0,0,0,0,0,0,0,0,0
124,2010,45,3. Medical and Health sciences,3.2 Clinical medicine,190,2,4,3,1,1,0,0,0,0,0,0,0,0,0,0,0,0,0,0,0,0
125,2009,76,3. Medical and Health sciences,3.3 Health sciences,109,1,1,1,1,1,0,0,0,0,0,0,0,0,0,0,0,0,0,0,0,0
126,2009,47,3. Medical and Health sciences,3.1 Basic medicine,109,1,1,1,1,1,0,0,0,0,0,0,0,0,0,0,0,0,0,0,0,0
127,2009,3,3. Medical and Health sciences,3.1 Basic medicine,272,5,5,1,0,0,0,1,0,0,0,0,0,0,0,0,0,0,0,0,0,0
128,2011,97,3. Medical and Health sciences,3.2 Clinical medicine,64,3,3,3,1,0,1,0,0,0,0,0,0,0,0,0,0,0,0,0,0,0
128,2011,97,3. Medical and Health sciences,3.2 Clinical medicine,81,1,3,3,1,0,1,0,0,0,0,0,0,0,0,0,0,0,0,0,0,0
128,2011,97,3. Medical and Health sciences,3.2 Clinical medicine,249,2,3,3,0,0,1,0,0,0,0,0,0,0,0,0,0,0,0,0,0,0
129,2013,109,General/very broad,General/very broad,333,1,3,2,1,1,0,1,0,0,0,0,0,0,1,0,0,0,0,0,0,0
129,2013,109,General/very broad,General/very broad,336,2,3,2,1,1,0,1,0,0,0,0,0,0,1,0,0,0,0,0,0,0
130,2012,11,5. Social sciences,5.2 Economics and business,302,4,4,1,0,0,0,1,0,0,0,0,0,0,0,0,0,0,0,0,0,0
131,2013,72,1. Natural sciences,1.2 Computer and information sciences,0,2,7,6,1,0,0,1,0,0,0,0,0,0,0,0,0,0,0,0,0,0
131,2013,72,1. Natural sciences,1.2 Computer and information sciences,203,1,7,6,1,0,0,1,0,0,0,0,0,0,0,0,0,0,0,0,0,0
131,2013,72,1. Natural sciences,1.2 Computer and information sciences,234,3,7,6,0,0,0,1,0,0,0,0,0,0,0,0,0,0,0,0,0,0
131,2013,72,1. Natural sciences,1.2 Computer and information sciences,307,5,7,6,1,0,0,1,0,0,0,0,0,0,0,0,0,0,0,0,0,0
131,2013,72,1. Natural sciences,1.2 Computer and information sciences,316,6,7,6,1,0,0,1,0,0,0,0,0,0,0,0,0,0,0,0,0,0
131,2013,72,1. Natural sciences,1.2 Computer and information sciences,337,4,7,6,1,0,0,1,0,0,0,0,0,0,0,0,0,0,0,0,0,0
132,2013,129,General/very broad,General/very broad,201,2,2,2,0,0,0,0,0,1,0,0,0,0,0,0,0,0,0,0,0,0
132,2013,129,General/very broad,General/very broad,317,1,2,2,1,0,0,0,0,1,0,0,0,0,0,0,0,0,0,0,0,0
133,2013,71,2. Engineering and technology,"2.2 Electrical engineering, electronic engineering, information engineering",189,1,4,4,0,0,0,1,0,0,0,0,0,0,0,0,0,0,0,0,1,0
133,2013,71,2. Engineering and technology,"2.2 Electrical engineering, electronic engineering, information engineering",203,2,4,4,1,0,0,1,0,0,0,0,0,0,0,0,0,0,0,0,1,0
133,2013,71,2. Engineering and technology,"2.2 Electrical engineering, electronic engineering, information engineering",307,3,4,4,1,0,0,1,0,0,0,0,0,0,0,0,0,0,0,0,1,0
133,2013,71,2. Engineering and technology,"2.2 Electrical engineering, electronic engineering, information engineering",316,4,4,4,1,0,0,1,0,0,0,0,0,0,0,0,0,0,0,0,1,0
134,2013,128,5. Social sciences,5.2 Economics and business,265,1,4,4,0,0,0,1,0,0,0,0,0,0,0,0,0,0,0,0,0,0
134,2013,128,5. Social sciences,5.2 Economics and business,266,2,4,4,0,0,0,1,0,0,0,0,0,0,0,0,0,0,0,0,0,0
134,2013,128,5. Social sciences,5.2 Economics and business,303,4,4,4,1,0,0,1,0,0,0,0,0,0,0,0,0,0,0,0,0,0
134,2013,128,5. Social sciences,5.2 Economics and business,305,3,4,4,1,0,0,1,0,0,0,0,0,0,0,0,0,0,0,0,0,0
135,2013,73,2. Engineering and technology,"2.2 Electrical engineering, electronic engineering, information engineering",189,1,5,4,0,0,0,1,0,0,0,0,0,0,0,0,0,0,0,0,1,0
135,2013,73,2. Engineering and technology,"2.2 Electrical engineering, electronic engineering, information engineering",235,3,5,4,0,0,0,1,0,0,0,0,0,0,0,0,0,0,0,0,1,0
135,2013,73,2. Engineering and technology,"2.2 Electrical engineering, electronic engineering, information engineering",236,2,5,4,0,0,0,1,0,0,0,0,0,0,0,0,0,0,0,0,1,0
135,2013,73,2. Engineering and technology,"2.2 Electrical engineering, electronic engineering, information engineering",334,5,5,4,1,0,0,1,0,0,0,0,0,0,0,0,0,0,0,0,1,0
136,2013,115,5. Social sciences,5.8 Media and communications,231,1,2,1,0,0,0,0,0,0,0,0,1,0,0,0,0,0,0,0,0,0
137,2011,29,1. Natural sciences,1.5 Earth and related environmental sciences,327,2,2,2,1,0,0,1,0,0,0,0,0,0,0,0,0,0,0,0,1,0
137,2011,29,1. Natural sciences,1.5 Earth and related environmental sciences,331,1,2,2,1,0,0,1,0,0,0,0,0,0,0,0,0,0,0,0,1,0
138,2007,38,1. Natural sciences,1.6 Biological sciences,310,8,8,2,0,1,0,0,0,0,0,0,0,0,1,0,0,0,0,0,0,0
138,2007,38,1. Natural sciences,1.6 Biological sciences,325,6,8,2,1,1,0,0,0,0,0,0,0,0,1,0,0,0,0,0,0,0
139,2009,11,5. Social sciences,5.2 Economics and business,302,3,3,1,0,0,0,1,0,0,0,0,0,0,0,0,0,0,0,0,0,0
140,2011,73,2. Engineering and technology,"2.2 Electrical engineering, electronic engineering, information engineering",189,1,4,3,0,0,0,1,0,0,0,0,0,0,0,0,0,0,0,0,1,0
140,2011,73,2. Engineering and technology,"2.2 Electrical engineering, electronic engineering, information engineering",307,2,4,3,1,0,0,1,0,0,0,0,0,0,0,0,0,0,0,0,1,0
140,2011,73,2. Engineering and technology,"2.2 Electrical engineering, electronic engineering, information engineering",334,4,4,3,1,0,0,1,0,0,0,0,0,0,0,0,0,0,0,0,1,0
141,2006,21,3. Medical and Health sciences,3.1 Basic medicine,221,3,3,1,1,0,0,0,0,0,0,0,0,0,0,0,0,0,0,0,1,0
142,2010,94,3. Medical and Health sciences,3.2 Clinical medicine,221,3,3,1,1,0,0,0,0,0,0,0,0,0,0,0,0,0,0,0,1,0
143,2007,26,5. Social sciences,5.9 Other social sciences,261,5,6,4,1,0,0,0,0,0,0,0,0,0,0,0,0,0,0,1,1,0
143,2007,26,5. Social sciences,5.9 Other social sciences,262,1,6,4,0,0,0,0,0,0,0,0,0,0,0,0,0,0,0,1,1,0
143,2007,26,5. Social sciences,5.9 Other social sciences,263,6,6,4,0,0,0,0,0,0,0,0,0,0,0,0,0,0,0,1,1,0
143,2007,26,5. Social sciences,5.9 Other social sciences,264,3,6,4,0,0,0,0,0,0,0,0,0,0,0,0,0,0,0,1,1,0
144,2010,12,1. Natural sciences,1.6 Biological sciences,146,1,10,1,1,0,1,0,0,0,0,0,0,0,0,0,0,0,0,0,0,0
145,2013,87,3. Medical and Health sciences,3.2 Clinical medicine,144,6,6,6,1,0,0,0,0,0,0,0,0,0,0,0,0,0,0,0,1,0
145,2013,87,3. Medical and Health sciences,3.2 Clinical medicine,159,2,6,6,1,0,0,0,0,0,0,0,0,0,0,0,0,0,0,0,1,0
145,2013,87,3. Medical and Health sciences,3.2 Clinical medicine,171,4,6,6,0,0,0,0,0,0,0,0,0,0,0,0,0,0,0,0,1,0
145,2013,87,3. Medical and Health sciences,3.2 Clinical medicine,172,3,6,6,1,0,0,0,0,0,0,0,0,0,0,0,0,0,0,0,1,0
145,2013,87,3. Medical and Health sciences,3.2 Clinical medicine,174,5,6,6,1,0,0,0,0,0,0,0,0,0,0,0,0,0,0,0,1,0
145,2013,87,3. Medical and Health sciences,3.2 Clinical medicine,228,1,6,6,0,0,0,0,0,0,0,0,0,0,0,0,0,0,0,0,1,0
146,2013,95,2. Engineering and technology,2.7 Environmental engineering,156,2,4,2,0,0,0,0,0,0,0,0,0,0,1,0,0,0,0,0,0,0
146,2013,95,2. Engineering and technology,2.7 Environmental engineering,176,1,4,2,0,0,0,0,0,0,0,0,0,0,1,0,0,0,0,0,0,0
147,2013,130,General/very broad,General/very broad,277,1,1,1,1,0,0,1,0,1,0,0,1,0,0,0,0,0,0,0,0,0
148,2012,124,5. Social sciences,5.3 Educational sciences,145,2,3,2,1,0,0,0,1,1,0,0,1,1,1,0,0,0,0,0,0,0
148,2012,124,5. Social sciences,5.3 Educational sciences,326,3,3,2,1,0,0,0,1,1,0,0,1,1,1,0,0,0,0,0,0,0
149,2013,88,5. Social sciences,5.4 Sociology,153,3,5,4,1,0,0,0,1,1,0,0,0,0,0,0,0,0,0,0,0,0
149,2013,88,5. Social sciences,5.4 Sociology,162,3,5,4,1,0,0,0,1,1,0,0,0,0,0,0,0,0,0,0,0,0
149,2013,88,5. Social sciences,5.4 Sociology,222,1,5,4,1,0,0,0,1,1,0,0,0,0,0,0,0,0,0,0,0,0
149,2013,88,5. Social sciences,5.4 Sociology,227,4,5,4,0,0,0,0,1,1,0,0,0,0,0,0,0,0,0,0,0,0
150,2013,138,General/very broad,General/very broad,153,2,3,3,1,0,0,0,1,1,0,0,0,0,0,0,0,0,0,0,0,0
150,2013,138,General/very broad,General/very broad,162,3,3,3,1,0,0,0,1,1,0,0,0,0,0,0,0,0,0,0,0,0
150,2013,138,General/very broad,General/very broad,222,1,3,3,1,0,0,0,1,1,0,0,0,0,0,0,0,0,0,0,0,0
151,2013,100,2. Engineering and technology,2.7 Environmental engineering,219,2,6,1,1,0,0,0,0,0,0,0,0,0,1,0,0,0,0,0,1,0
152,2013,123,General/very broad,General/very broad,224,4,5,1,1,0,0,0,1,0,0,0,0,0,0,0,0,0,0,0,0,0
153,2012,93,3. Medical and Health sciences,3.2 Clinical medicine,146,2,2,1,1,0,1,0,0,0,0,0,0,0,0,0,0,0,0,0,0,0
154,2014,126,1. Natural sciences,1.1 Mathematics,177,2,5,2,1,0,0,1,0,0,0,0,0,0,1,0,0,0,0,0,1,0
154,2014,126,1. Natural sciences,1.1 Mathematics,202,3,5,2,1,0,0,1,0,0,0,0,0,0,1,0,0,0,0,0,1,0
155,2014,65,5. Social sciences,5.2 Economics and business,182,2,5,5,1,0,0,1,0,0,1,0,0,0,0,0,0,0,0,0,0,0
155,2014,65,5. Social sciences,5.2 Economics and business,186,5,5,5,1,0,0,1,0,0,1,0,0,0,0,0,0,0,0,0,0,0
155,2014,65,5. Social sciences,5.2 Economics and business,230,4,5,5,0,0,0,1,0,0,1,0,0,0,0,0,0,0,0,0,0,0
155,2014,65,5. Social sciences,5.2 Economics and business,270,3,5,5,0,0,0,1,0,0,1,0,0,0,0,0,0,0,0,0,0,0
155,2014,65,5. Social sciences,5.2 Economics and business,285,1,5,5,0,0,0,1,0,0,1,0,0,0,0,0,0,0,0,0,0,0
156,2016,99,1. Natural sciences,1.6 Biological sciences,127,5,7,4,1,0,0,0,0,1,0,0,0,0,1,0,0,0,0,0,1,0
156,2016,99,1. Natural sciences,1.6 Biological sciences,280,3,7,4,0,0,0,0,0,1,0,0,0,0,1,0,0,0,0,0,1,0
156,2016,99,1. Natural sciences,1.6 Biological sciences,284,1,7,4,0,0,0,0,0,1,0,0,0,0,1,0,0,0,0,0,1,0
156,2016,99,1. Natural sciences,1.6 Biological sciences,339,2,7,4,1,0,0,0,0,1,0,0,0,0,1,0,0,0,0,0,1,0
157,2013,66,1. Natural sciences,1.1 Mathematics,339,5,6,1,1,0,0,0,0,1,0,0,0,0,1,0,0,0,0,0,1,0
158,2013,64,1. Natural sciences,1.1 Mathematics,127,3,5,4,1,0,0,0,0,1,0,0,0,0,1,0,0,0,0,0,1,0
158,2013,64,1. Natural sciences,1.1 Mathematics,275,5,5,4,0,0,0,0,0,1,0,0,0,0,1,0,0,0,0,0,1,0
158,2013,64,1. Natural sciences,1.1 Mathematics,282,4,5,4,0,0,0,0,0,1,0,0,0,0,1,0,0,0,0,0,1,0
158,2013,64,1. Natural sciences,1.1 Mathematics,339,1,5,4,1,0,0,0,0,1,0,0,0,0,1,0,0,0,0,0,1,0
159,2013,113,3. Medical and Health sciences,3.2 Clinical medicine,257,5,5,2,0,0,0,0,0,0,0,0,0,0,0,0,0,0,0,0,1,0
159,2013,113,3. Medical and Health sciences,3.2 Clinical medicine,283,1,5,2,0,0,0,0,0,0,0,0,0,0,0,0,0,0,0,0,1,0
160,2013,127,General/very broad,General/very broad,281,1,4,1,0,0,0,0,0,0,0,0,0,0,1,0,0,0,0,0,0,0
161,2014,29,1. Natural sciences,1.5 Earth and related environmental sciences,320,3,3,3,1,0,0,1,0,0,0,0,0,0,0,0,0,0,0,0,1,0
161,2014,29,1. Natural sciences,1.5 Earth and related environmental sciences,327,1,3,3,1,0,0,1,0,0,0,0,0,0,0,0,0,0,0,0,1,0
161,2014,29,1. Natural sciences,1.5 Earth and related environmental sciences,331,2,3,3,1,0,0,1,0,0,0,0,0,0,0,0,0,0,0,0,1,0
162,2014,86,2. Engineering and technology,2.11 Other engineering and technologies,10,3,5,5,1,0,0,1,0,0,0,1,0,0,1,0,0,0,0,0,1,0
162,2014,86,2. Engineering and technology,2.11 Other engineering and technologies,21,4,5,5,1,0,0,1,0,0,0,1,0,0,1,0,0,0,0,0,1,0
162,2014,86,2. Engineering and technology,2.11 Other engineering and technologies,52,5,5,5,0,0,0,1,0,0,0,1,0,0,1,0,0,0,0,0,1,0
162,2014,86,2. Engineering and technology,2.11 Other engineering and technologies,274,1,5,5,0,0,0,1,0,0,0,1,0,0,1,0,0,0,0,0,1,0
162,2014,86,2. Engineering and technology,2.11 Other engineering and technologies,335,2,5,5,1,0,0,1,0,0,0,1,0,0,1,0,0,0,0,0,1,0
163,2013,71,2. Engineering and technology,"2.2 Electrical engineering, electronic engineering, information engineering",189,1,4,2,0,0,0,1,0,0,0,0,0,0,0,0,0,0,0,0,1,0
163,2013,71,2. Engineering and technology,"2.2 Electrical engineering, electronic engineering, information engineering",307,4,4,2,1,0,0,1,0,0,0,0,0,0,0,0,0,0,0,0,1,0
164,2014,71,2. Engineering and technology,"2.2 Electrical engineering, electronic engineering, information engineering",204,5,5,4,0,0,0,1,0,0,0,0,0,0,0,0,0,0,0,0,1,0
164,2014,71,2. Engineering and technology,"2.2 Electrical engineering, electronic engineering, information engineering",233,3,5,4,0,0,0,1,0,0,0,0,0,0,0,0,0,0,0,0,1,0
164,2014,71,2. Engineering and technology,"2.2 Electrical engineering, electronic engineering, information engineering",267,1,5,4,0,0,0,1,0,0,0,0,0,0,0,0,0,0,0,0,1,0
164,2014,71,2. Engineering and technology,"2.2 Electrical engineering, electronic engineering, information engineering",334,4,5,4,1,0,0,1,0,0,0,0,0,0,0,0,0,0,0,0,1,0
165,2014,61,1. Natural sciences,1.5 Earth and related environmental sciences,269,1,4,2,0,0,0,0,0,0,0,0,1,0,1,0,0,0,0,0,0,0
165,2014,61,1. Natural sciences,1.5 Earth and related environmental sciences,312,2,4,2,1,0,0,0,0,0,0,0,1,0,1,0,0,0,0,0,0,0
166,2014,72,1. Natural sciences,1.2 Computer and information sciences,0,3,4,4,1,0,0,1,0,0,0,0,0,0,0,0,0,0,0,0,0,0
166,2014,72,1. Natural sciences,1.2 Computer and information sciences,203,1,4,4,1,0,0,1,0,0,0,0,0,0,0,0,0,0,0,0,0,0
166,2014,72,1. Natural sciences,1.2 Computer and information sciences,307,4,4,4,1,0,0,1,0,0,0,0,0,0,0,0,0,0,0,0,0,0
166,2014,72,1. Natural sciences,1.2 Computer and information sciences,337,2,4,4,1,0,0,1,0,0,0,0,0,0,0,0,0,0,0,0,0,0
167,2014,122,3. Medical and Health sciences,3.2 Clinical medicine,1,3,6,4,1,1,1,0,0,0,0,0,0,0,0,0,0,0,0,0,1,0
167,2014,122,3. Medical and Health sciences,3.2 Clinical medicine,71,4,6,4,1,1,1,0,0,0,0,0,0,0,0,0,0,0,0,0,1,0
167,2014,122,3. Medical and Health sciences,3.2 Clinical medicine,101,5,6,4,1,1,1,0,0,0,0,0,0,0,0,0,0,0,0,0,1,0
167,2014,122,3. Medical and Health sciences,3.2 Clinical medicine,322,6,6,4,1,1,1,0,0,0,0,0,0,0,0,0,0,0,0,0,1,0
168,2014,96,5. Social sciences,5.1 Psychology,279,1,3,3,0,0,0,1,0,0,0,0,0,0,0,0,0,0,0,0,0,0
168,2014,96,5. Social sciences,5.1 Psychology,328,3,3,3,1,0,0,1,0,0,0,0,0,0,0,0,0,0,0,0,0,0
168,2014,96,5. Social sciences,5.1 Psychology,332,2,3,3,1,0,0,1,0,0,0,0,0,0,0,0,0,0,0,0,0,0
169,2014,142,4. Agricultural sciences,"4.1 Agriculture, forestry, and fisheries",77,5,8,2,1,0,0,0,0,0,0,0,0,0,1,0,0,0,0,0,1,0
169,2014,142,4. Agricultural sciences,"4.1 Agriculture, forestry, and fisheries",104,6,8,2,1,0,0,0,0,0,0,0,0,0,1,0,0,0,0,0,1,0
170,2014,30,2. Engineering and technology,2.7 Environmental engineering,246,1,2,1,1,0,0,0,0,0,0,0,0,0,1,0,0,0,0,0,1,0
171,2014,133,1. Natural sciences,1.6 Biological sciences,77,5,8,2,1,0,0,0,0,0,0,0,0,0,1,0,0,0,0,0,1,0
171,2014,133,1. Natural sciences,1.6 Biological sciences,104,6,8,2,1,0,0,0,0,0,0,0,0,0,1,0,0,0,0,0,1,0
172,2014,72,1. Natural sciences,1.2 Computer and information sciences,292,1,3,1,0,0,0,1,0,0,0,0,0,0,0,0,0,0,0,0,0,0
173,2014,116,3. Medical and Health sciences,3.2 Clinical medicine,126,3,4,4,1,1,0,0,0,0,0,0,0,0,0,0,0,0,0,0,0,0
173,2014,116,3. Medical and Health sciences,3.2 Clinical medicine,206,4,4,4,1,1,0,0,0,0,0,0,0,0,0,0,0,0,0,0,0,0
173,2014,116,3. Medical and Health sciences,3.2 Clinical medicine,245,2,4,4,0,1,0,0,0,0,0,0,0,0,0,0,0,0,0,0,0,0
173,2014,116,3. Medical and Health sciences,3.2 Clinical medicine,287,1,4,4,0,1,0,0,0,0,0,0,0,0,0,0,0,0,0,0,0,0
174,2014,54,5. Social sciences,5.1 Psychology,105,3,4,1,1,1,0,0,0,0,0,0,0,0,0,0,0,0,0,0,0,0
175,2013,101,4. Agricultural sciences,"4.1 Agriculture, forestry, and fisheries",96,4,8,5,0,1,0,0,0,0,0,0,0,0,0,0,0,0,0,0,0,0
175,2013,101,4. Agricultural sciences,"4.1 Agriculture, forestry, and fisheries",288,2,8,5,0,1,0,0,0,0,0,0,0,0,0,0,0,0,0,0,0,0
175,2013,101,4. Agricultural sciences,"4.1 Agriculture, forestry, and fisheries",289,6,8,5,0,1,0,0,0,0,0,0,0,0,0,0,0,0,0,0,0,0
175,2013,101,4. Agricultural sciences,"4.1 Agriculture, forestry, and fisheries",291,8,8,5,0,1,0,0,0,0,0,0,0,0,0,0,0,0,0,0,0,0
175,2013,101,4. Agricultural sciences,"4.1 Agriculture, forestry, and fisheries",294,5,8,5,0,1,0,0,0,0,0,0,0,0,0,0,0,0,0,0,0,0
176,2014,60,5. Social sciences,5.3 Educational sciences,85,3,3,3,1,0,1,0,0,0,0,0,0,0,0,0,0,0,0,0,0,0
176,2014,60,5. Social sciences,5.3 Educational sciences,128,2,3,3,1,0,1,0,0,0,0,0,0,0,0,0,0,0,0,0,0,0
176,2014,60,5. Social sciences,5.3 Educational sciences,276,1,3,3,0,0,1,0,0,0,0,0,0,0,0,0,0,0,0,0,0,0
177,2014,60,5. Social sciences,5.3 Educational sciences,63,4,4,4,1,0,1,0,0,0,0,0,0,0,0,0,0,0,0,0,0,0
177,2014,60,5. Social sciences,5.3 Educational sciences,85,3,4,4,1,0,1,0,0,0,0,0,0,0,0,0,0,0,0,0,0,0
177,2014,60,5. Social sciences,5.3 Educational sciences,244,2,4,4,0,0,1,0,0,0,0,0,0,0,0,0,0,0,0,0,0,0
177,2014,60,5. Social sciences,5.3 Educational sciences,248,1,4,4,0,0,1,0,0,0,0,0,0,0,0,0,0,0,0,0,0,0
178,2014,117,3. Medical and Health sciences,3.3 Health sciences,108,5,5,1,1,1,0,0,0,0,0,0,0,0,0,0,0,0,0,0,0,0
179,2014,98,3. Medical and Health sciences,3.2 Clinical medicine,57,5,7,4,1,1,0,0,0,0,0,0,0,0,0,0,0,0,0,0,0,0
179,2014,98,3. Medical and Health sciences,3.2 Clinical medicine,86,2,7,4,1,1,0,0,0,0,0,0,0,0,0,0,0,0,0,0,0,0
179,2014,98,3. Medical and Health sciences,3.2 Clinical medicine,107,7,7,4,1,1,0,0,0,0,0,0,0,0,0,0,0,0,0,0,0,0
179,2014,98,3. Medical and Health sciences,3.2 Clinical medicine,290,1,7,4,0,1,0,0,0,0,0,0,0,0,0,0,0,0,0,0,0,0
180,2014,141,3. Medical and Health sciences,3.1 Basic medicine,149,1,4,2,1,1,1,0,0,0,0,0,0,0,0,0,0,0,0,0,0,0
180,2014,141,3. Medical and Health sciences,3.1 Basic medicine,155,4,4,2,1,1,1,0,0,0,0,0,0,0,0,0,0,0,0,0,0,0
181,2014,140,1. Natural sciences,1.3 Physical sciences,295,1,1,1,0,0,0,0,0,0,0,0,0,0,0,0,0,0,1,0,0,0
182,2014,140,1. Natural sciences,1.3 Physical sciences,295,1,3,1,0,0,0,0,0,0,0,0,0,0,0,0,0,0,1,0,0,0
183,2014,76,3. Medical and Health sciences,3.3 Health sciences,16,10,10,1,1,1,0,0,0,1,0,0,0,0,0,0,0,0,1,0,1,0
184,2014,136,3. Medical and Health sciences,3.3 Health sciences,5,1,4,4,1,1,1,0,0,1,0,0,1,0,0,0,0,0,1,0,1,0
184,2014,136,3. Medical and Health sciences,3.3 Health sciences,16,4,4,4,1,1,1,0,0,1,0,0,1,0,0,0,0,0,1,0,1,0
184,2014,136,3. Medical and Health sciences,3.3 Health sciences,138,2,4,4,1,1,1,0,0,1,0,0,1,0,0,0,0,0,1,0,1,0
184,2014,136,3. Medical and Health sciences,3.3 Health sciences,169,3,4,4,1,1,1,0,0,1,0,0,1,0,0,0,0,0,1,0,1,0
185,2014,75,3. Medical and Health sciences,3.1 Basic medicine,141,14,14,3,1,1,1,0,0,0,0,0,0,0,0,0,0,0,0,0,0,0
185,2014,75,3. Medical and Health sciences,3.1 Basic medicine,223,9,14,3,0,1,1,0,0,0,0,0,0,0,0,0,0,0,0,0,0,0
185,2014,75,3. Medical and Health sciences,3.1 Basic medicine,324,8,14,3,1,1,1,0,0,0,0,0,0,0,0,0,0,0,0,0,0,0
186,2014,137,5. Social sciences,5.6 Political Science,20,1,2,2,1,1,0,0,0,0,0,0,0,0,1,0,0,0,1,0,0,0
186,2014,137,5. Social sciences,5.6 Political Science,29,2,2,2,0,1,0,0,0,0,0,0,0,0,1,0,0,0,1,0,0,0
187,2014,23,5. Social sciences,5.9 Other social sciences,34,1,1,1,1,0,0,0,0,0,0,0,0,0,0,0,0,0,0,0,0,1
188,2013,135,5. Social sciences,5.7 Social and economic geography,196,5,5,1,1,0,0,0,0,0,0,0,0,0,1,0,0,0,0,0,0,0
189,2014,76,3. Medical and Health sciences,3.3 Health sciences,56,3,4,4,1,1,0,0,0,0,0,0,0,0,0,0,0,0,0,0,1,0
189,2014,76,3. Medical and Health sciences,3.3 Health sciences,217,2,4,4,0,1,0,0,0,0,0,0,0,0,0,0,0,0,0,0,1,0
189,2014,76,3. Medical and Health sciences,3.3 Health sciences,297,4,4,4,0,1,0,0,0,0,0,0,0,0,0,0,0,0,0,0,1,0
189,2014,76,3. Medical and Health sciences,3.3 Health sciences,298,1,4,4,0,1,0,0,0,0,0,0,0,0,0,0,0,0,0,0,1,0
190,2014,56,2. Engineering and technology,2.7 Environmental engineering,39,2,3,3,1,0,0,1,0,0,0,0,0,0,0,0,0,0,0,0,1,0
190,2014,56,2. Engineering and technology,2.7 Environmental engineering,49,3,3,3,1,0,0,1,0,0,0,0,0,0,0,0,0,0,0,0,1,0
190,2014,56,2. Engineering and technology,2.7 Environmental engineering,296,1,3,3,0,0,0,1,0,0,0,0,0,0,0,0,0,0,0,0,1,0
191,2014,102,2. Engineering and technology,2.11 Other engineering and technologies,42,4,4,2,1,0,0,1,0,0,0,0,0,0,0,0,0,0,0,0,1,0
191,2014,102,2. Engineering and technology,2.11 Other engineering and technologies,192,2,4,2,1,0,0,1,0,0,0,0,0,0,0,0,0,0,0,0,1,0
192,2014,53,4. Agricultural sciences,"4.1 Agriculture, forestry, and fisheries",23,2,6,2,1,0,0,1,0,0,0,0,0,0,0,0,0,0,0,0,0,0
192,2014,53,4. Agricultural sciences,"4.1 Agriculture, forestry, and fisheries",39,5,6,2,1,0,0,1,0,0,0,0,0,0,0,0,0,0,0,0,0,0
193,2015,122,3. Medical and Health sciences,3.2 Clinical medicine,110,2,4,3,1,1,1,0,0,0,0,0,0,0,0,0,0,0,0,0,1,0
193,2015,122,3. Medical and Health sciences,3.2 Clinical medicine,322,3,4,3,1,1,1,0,0,0,0,0,0,0,0,0,0,0,0,0,1,0
193,2015,122,3. Medical and Health sciences,3.2 Clinical medicine,323,4,4,3,1,1,1,0,0,0,0,0,0,0,0,0,0,0,0,0,1,0
194,2015,122,3. Medical and Health sciences,3.2 Clinical medicine,71,6,8,3,1,1,1,0,0,0,0,0,0,0,0,0,0,0,0,0,1,0
194,2015,122,3. Medical and Health sciences,3.2 Clinical medicine,101,7,8,3,1,1,1,0,0,0,0,0,0,0,0,0,0,0,0,0,1,0
194,2015,122,3. Medical and Health sciences,3.2 Clinical medicine,271,5,8,3,0,1,1,0,0,0,0,0,0,0,0,0,0,0,0,0,1,0
195,2015,6,5. Social sciences,5.9 Other social sciences,41,2,4,4,1,0,0,0,1,0,0,0,0,0,1,0,0,0,0,0,0,0
195,2015,6,5. Social sciences,5.9 Other social sciences,44,4,4,4,1,0,0,0,1,0,0,0,0,0,1,0,0,0,0,0,0,0
195,2015,6,5. Social sciences,5.9 Other social sciences,300,1,4,4,0,0,0,0,1,0,0,0,0,0,1,0,0,0,0,0,0,0
195,2015,6,5. Social sciences,5.9 Other social sciences,301,3,4,4,0,0,0,0,1,0,0,0,0,0,1,0,0,0,0,0,0,0
196,2015,110,3. Medical and Health sciences,3.2 Clinical medicine,19,5,5,4,1,1,0,0,0,0,0,0,0,0,0,0,0,0,1,0,1,0
196,2015,110,3. Medical and Health sciences,3.2 Clinical medicine,20,1,5,4,1,1,0,0,0,0,0,0,0,0,0,0,0,0,1,0,1,0
196,2015,110,3. Medical and Health sciences,3.2 Clinical medicine,195,2,5,4,0,1,0,0,0,0,0,0,0,0,0,0,0,0,1,0,1,0
196,2015,110,3. Medical and Health sciences,3.2 Clinical medicine,299,4,5,4,0,1,0,0,0,0,0,0,0,0,0,0,0,0,1,0,1,0
197,2015,133,1. Natural sciences,1.6 Biological sciences,104,6,8,1,1,0,0,0,0,0,0,0,0,0,1,0,0,0,0,0,1,0
198,2015,31,1. Natural sciences,1.2 Computer and information sciences,255,3,3,1,0,0,0,1,0,0,0,0,0,0,0,0,0,0,0,0,0,0
199,2014,60,5. Social sciences,5.3 Educational sciences,85,3,3,3,1,0,1,0,0,0,0,0,0,0,0,0,0,0,0,0,0,0
199,2014,60,5. Social sciences,5.3 Educational sciences,128,2,3,3,1,0,1,0,0,0,0,0,0,0,0,0,0,0,0,0,0,0
199,2014,60,5. Social sciences,5.3 Educational sciences,293,1,3,3,0,0,1,0,0,0,0,0,0,0,0,0,0,0,0,0,0,0
200,2016,139,5. Social sciences,5.3 Educational sciences,62,1,2,1,1,1,1,0,0,1,0,0,0,0,0,0,0,0,0,0,1,0
201,2016,59,3. Medical and Health sciences,3.3 Health sciences,62,1,3,2,1,1,1,0,0,1,0,0,0,0,0,0,0,0,0,0,1,0
201,2016,59,3. Medical and Health sciences,3.3 Health sciences,286,2,3,2,1,1,1,0,0,1,0,0,0,0,0,0,0,0,0,0,1,0
202,2016,63,5. Social sciences,5.3 Educational sciences,277,1,1,1,1,0,0,1,0,1,0,0,1,0,0,0,0,0,0,0,0,0
203,2007,44,3. Medical and Health sciences,3.2 Clinical medicine,144,1,7,6,1,0,0,0,0,0,0,0,0,0,1,0,0,0,0,0,1,0
203,2007,44,3. Medical and Health sciences,3.2 Clinical medicine,159,2,7,6,1,0,0,0,0,0,0,0,0,0,1,0,0,0,0,0,1,0
203,2007,44,3. Medical and Health sciences,3.2 Clinical medicine,170,5,7,6,0,0,0,0,0,0,0,0,0,0,1,0,0,0,0,0,1,0
203,2007,44,3. Medical and Health sciences,3.2 Clinical medicine,171,6,7,6,0,0,0,0,0,0,0,0,0,0,1,0,0,0,0,0,1,0
203,2007,44,3. Medical and Health sciences,3.2 Clinical medicine,172,3,7,6,1,0,0,0,0,0,0,0,0,0,1,0,0,0,0,0,1,0
203,2007,44,3. Medical and Health sciences,3.2 Clinical medicine,174,7,7,6,1,0,0,0,0,0,0,0,0,0,1,0,0,0,0,0,1,0
204,2006,0,1. Natural sciences,1.5 Earth and related environmental sciences,340,1,1,1,1,0,0,1,0,0,0,0,0,0,1,0,0,0,0,0,1,0
205,2005,25,5. Social sciences,5.2 Economics and business,147,2,4,3,1,0,0,1,1,0,0,0,0,0,0,0,0,1,0,0,1,1
205,2005,25,5. Social sciences,5.2 Economics and business,167,3,4,3,1,0,0,1,1,0,0,0,0,0,0,0,0,1,0,0,1,1
205,2005,25,5. Social sciences,5.2 Economics and business,319,1,4,3,1,0,0,1,1,0,0,0,0,0,0,0,0,1,0,0,1,1
206,2007,36,3. Medical and Health sciences,3.1 Basic medicine,140,2,5,5,1,0,0,0,0,0,0,0,0,0,0,0,0,0,0,1,1,0
206,2007,36,3. Medical and Health sciences,3.1 Basic medicine,150,1,5,5,1,0,0,0,0,0,0,0,0,0,0,0,0,0,0,1,1,0
206,2007,36,3. Medical and Health sciences,3.1 Basic medicine,160,3,5,5,1,0,0,0,0,0,0,0,0,0,0,0,0,0,0,1,1,0
206,2007,36,3. Medical and Health sciences,3.1 Basic medicine,161,5,5,5,1,0,0,0,0,0,0,0,0,0,0,0,0,0,0,1,1,0
206,2007,36,3. Medical and Health sciences,3.1 Basic medicine,164,4,5,5,1,0,0,0,0,0,0,0,0,0,0,0,0,0,0,1,1,0
207,2005,22,General/very broad,General/very broad,151,1,4,2,0,0,1,0,1,0,0,0,0,0,0,0,0,0,0,0,0,0
207,2005,22,General/very broad,General/very broad,157,2,4,2,0,0,1,0,1,0,0,0,0,0,0,0,0,0,0,0,0,0
208,2009,13,5. Social sciences,5.2 Economics and business,183,3,3,2,1,0,0,1,0,0,0,0,1,0,0,0,0,0,0,0,0,0
208,2009,13,5. Social sciences,5.2 Economics and business,187,1,3,2,0,0,0,1,0,0,0,0,1,0,0,0,0,0,0,0,0,0
209,2006,4,5. Social sciences,5.2 Economics and business,179,1,3,3,1,0,0,1,0,0,0,0,0,0,1,0,0,1,0,0,1,0
209,2006,4,5. Social sciences,5.2 Economics and business,185,2,3,3,1,0,0,1,0,0,0,0,0,0,1,0,0,1,0,0,1,0
209,2006,4,5. Social sciences,5.2 Economics and business,188,3,3,3,1,0,0,1,0,0,0,0,0,0,1,0,0,1,0,0,1,0
